CAP,Provincia
99999,-
00010,Roma
00012,Roma
00013,Roma
00015,Roma
00017,Roma
00018,Roma
00019,Roma
00020,Roma
00021,Roma
00022,Roma
00023,Roma
00024,Roma
00025,Roma
00026,Roma
00027,Roma
00028,Roma
00029,Roma
00030,Roma
00031,Roma
00032,Roma
00033,Roma
00034,Roma
00035,Roma
00036,Roma
00037,Roma
00038,Roma
00039,Roma
00040,Roma
00041,Roma
00042,Roma
00043,Roma
00044,Roma
00045,Roma
00046,Roma
00047,Roma
00048,Roma
00049,Roma
00051,Roma
00052,Roma
00053,Roma
00054,Roma
00055,Roma
00058,Roma
00059,Roma
00060,Roma
00061,Roma
00062,Roma
00063,Roma
00065,Roma
00066,Roma
00067,Roma
00068,Roma
00069,Roma
00071,Roma
00072,Roma
00073,Roma
00074,Roma
00075,Roma
00076,Roma
00077,Roma
00078,Roma
00079,Roma
00118,Roma
00119,Roma
00121,Roma
00122,Roma
00123,Roma
00124,Roma
00125,Roma
00126,Roma
00127,Roma
00128,Roma
00131,Roma
00132,Roma
00133,Roma
00134,Roma
00135,Roma
00136,Roma
00137,Roma
00138,Roma
00139,Roma
00141,Roma
00142,Roma
00143,Roma
00144,Roma
00145,Roma
00146,Roma
00147,Roma
00148,Roma
00149,Roma
00151,Roma
00152,Roma
00153,Roma
00154,Roma
00155,Roma
00156,Roma
00157,Roma
00158,Roma
00159,Roma
00161,Roma
00162,Roma
00163,Roma
00164,Roma
00165,Roma
00166,Roma
00167,Roma
00168,Roma
00169,Roma
00171,Roma
00172,Roma
00173,Roma
00174,Roma
00175,Roma
00176,Roma
00177,Roma
00178,Roma
00179,Roma
00181,Roma
00182,Roma
00183,Roma
00184,Roma
00185,Roma
00186,Roma
00187,Roma
00188,Roma
00189,Roma
00191,Roma
00192,Roma
00193,Roma
00195,Roma
00196,Roma
00197,Roma
00198,Roma
00199,Roma
01010,Viterbo
01011,Viterbo
01012,Viterbo
01014,Viterbo
01015,Viterbo
01016,Viterbo
01017,Viterbo
01018,Viterbo
01019,Viterbo
01020,Viterbo
01021,Viterbo
01022,Viterbo
01023,Viterbo
01024,Viterbo
01025,Viterbo
01027,Viterbo
01028,Viterbo
01030,Viterbo
01032,Viterbo
01033,Viterbo
01034,Viterbo
01035,Viterbo
01036,Viterbo
01037,Viterbo
01038,Viterbo
01039,Viterbo
01100,Viterbo
02010,Rieti
02011,Rieti
02012,Rieti
02013,Rieti
02014,Rieti
02015,Rieti
02016,Rieti
02018,Rieti
02019,Rieti
02020,Rieti
02021,Rieti
02022,Rieti
02023,Rieti
02024,Rieti
02025,Rieti
02026,Rieti
02030,Rieti
02031,Rieti
02032,Rieti
02033,Rieti
02034,Rieti
02035,Rieti
02037,Rieti
02038,Rieti
02039,Rieti
02040,Rieti
02041,Rieti
02042,Rieti
02043,Rieti
02044,Rieti
02045,Rieti
02046,Rieti
02047,Rieti
02048,Rieti
02049,Rieti
02100,Rieti
03010,Frosinone
03011,Frosinone
03012,Frosinone
03013,Frosinone
03014,Frosinone
03016,Frosinone
03017,Frosinone
03018,Frosinone
03019,Frosinone
03020,Frosinone
03021,Frosinone
03022,Frosinone
03023,Frosinone
03024,Frosinone
03025,Frosinone
03026,Frosinone
03027,Frosinone
03028,Frosinone
03029,Frosinone
03030,Frosinone
03031,Frosinone
03032,Frosinone
03033,Frosinone
03034,Frosinone
03035,Frosinone
03036,Frosinone
03037,Frosinone
03038,Frosinone
03039,Frosinone
03040,Frosinone
03041,Frosinone
03042,Frosinone
03043,Frosinone
03044,Frosinone
03045,Frosinone
03046,Frosinone
03047,Frosinone
03048,Frosinone
03049,Frosinone
03100,Frosinone
04010,Latina
04011,Latina
04012,Latina
04013,Latina
04014,Latina
04015,Latina
04016,Latina
04017,Latina
04018,Latina
04019,Latina
04020,Latina
04021,Latina
04022,Latina
04023,Latina
04024,Latina
04025,Latina
04026,Latina
04027,Latina
04029,Latina
04031,Latina
04100,Latina
05010,Terni
05011,Terni
05012,Terni
05013,Terni
05014,Terni
05015,Terni
05016,Terni
05017,Terni
05018,Terni
05020,Terni
05021,Terni
05022,Terni
05023,Terni
05024,Terni
05025,Terni
05026,Terni
05028,Terni
05029,Terni
05030,Terni
05031,Terni
05032,Terni
05034,Terni
05035,Terni
05039,Terni
05100,Terni
06010,Perugia
06012,Perugia
06014,Perugia
06016,Perugia
06018,Perugia
06019,Perugia
06021,Perugia
06022,Perugia
06023,Perugia
06024,Perugia
06025,Perugia
06026,Perugia
06027,Perugia
06028,Perugia
06029,Perugia
06030,Perugia
06031,Perugia
06033,Perugia
06034,Perugia
06035,Perugia
06036,Perugia
06038,Perugia
06039,Perugia
06040,Perugia
06041,Perugia
06042,Perugia
06043,Perugia
06044,Perugia
06045,Perugia
06046,Perugia
06047,Perugia
06049,Perugia
06050,Perugia
06051,Perugia
06053,Perugia
06054,Perugia
06055,Perugia
06056,Perugia
06057,Perugia
06059,Perugia
06060,Perugia
06061,Perugia
06062,Perugia
06063,Perugia
06064,Perugia
06065,Perugia
06066,Perugia
06068,Perugia
06069,Perugia
06072,Perugia
06073,Perugia
06081,Perugia
06083,Perugia
06084,Perugia
06089,Perugia
06121,Perugia
06122,Perugia
06123,Perugia
06124,Perugia
06125,Perugia
06126,Perugia
06127,Perugia
06128,Perugia
06129,Perugia
06131,Perugia
06132,Perugia
06133,Perugia
06134,Perugia
06135,Perugia
07010,Sassari
07011,Sassari
07012,Sassari
07013,Sassari
07014,Sassari
07015,Sassari
07016,Sassari
07017,Sassari
07018,Sassari
07019,Sassari
07020,Sassari
07021,Sassari
07022,Sassari
07023,Sassari
07024,Sassari
07025,Sassari
07026,Sassari
07027,Sassari
07028,Sassari
07029,Sassari
07030,Sassari
07031,Sassari
07032,Sassari
07033,Sassari
07034,Sassari
07035,Sassari
07036,Sassari
07037,Sassari
07038,Sassari
07039,Sassari
07040,Sassari
07041,Sassari
07043,Sassari
07044,Sassari
07045,Sassari
07046,Sassari
07047,Sassari
07048,Sassari
07049,Sassari
07051,Sassari
07052,Sassari
07100,Sassari
08010,Nuoro
08011,Nuoro
08012,Nuoro
08015,Nuoro
08016,Nuoro
08017,Nuoro
08018,Nuoro
08020,Nuoro
08021,Nuoro
08022,Nuoro
08023,Nuoro
08024,Nuoro
08025,Nuoro
08026,Nuoro
08027,Nuoro
08028,Nuoro
08029,Nuoro
08030,Nuoro
08031,Nuoro
08032,Nuoro
08036,Nuoro
08038,Nuoro
08039,Nuoro
08040,Nuoro
08042,Nuoro
08044,Nuoro
08045,Nuoro
08046,Nuoro
08047,Nuoro
08048,Nuoro
08049,Nuoro
08100,Nuoro
09010,Sud Sardegna
09011,Sud Sardegna
09012,Cagliari
09013,Sud Sardegna
09014,Sud Sardegna
09015,Sud Sardegna
09016,Sud Sardegna
09017,Sud Sardegna
09018,Cagliari
09019,Sud Sardegna
09020,Sud Sardegna
09021,Sud Sardegna
09022,Sud Sardegna
09023,Sud Sardegna
09024,Sud Sardegna
09025,Sud Sardegna
09026,Sud Sardegna
09027,Sud Sardegna
09028,Cagliari
09029,Sud Sardegna
09030,Sud Sardegna
09031,Sud Sardegna
09032,Cagliari
09033,Cagliari
09034,Sud Sardegna
09035,Sud Sardegna
09036,Sud Sardegna
09037,Sud Sardegna
09038,Sud Sardegna
09039,Sud Sardegna
09040,Sud Sardegna
09041,Sud Sardegna
09042,Cagliari
09043,Sud Sardegna
09044,Cagliari
09045,Cagliari
09047,Cagliari
09048,Cagliari
09049,Sud Sardegna
09050,Cagliari
09051,Sud Sardegna
09052,Sud Sardegna
09053,Sud Sardegna
09054,Sud Sardegna
09055,Sud Sardegna
09056,Sud Sardegna
09057,Sud Sardegna
09058,Sud Sardegna
09059,Sud Sardegna
09060,Cagliari
09061,Sud Sardegna
09062,Sud Sardegna
09063,Sud Sardegna
09064,Sud Sardegna
09065,Sud Sardegna
09066,Sud Sardegna
09067,Cagliari
09068,Cagliari
09069,Cagliari
09070,Oristano
09071,Oristano
09072,Oristano
09073,Oristano
09074,Oristano
09075,Oristano
09076,Oristano
09077,Oristano
09078,Oristano
09079,Oristano
09080,Oristano
09081,Oristano
09082,Oristano
09083,Oristano
09084,Oristano
09085,Oristano
09086,Oristano
09088,Oristano
09089,Oristano
09090,Oristano
09091,Oristano
09092,Oristano
09093,Oristano
09094,Oristano
09095,Oristano
09096,Oristano
09097,Oristano
09098,Oristano
09099,Oristano
09121,Cagliari
09122,Cagliari
09123,Cagliari
09124,Cagliari
09125,Cagliari
09126,Cagliari
09127,Cagliari
09128,Cagliari
09129,Cagliari
09131,Cagliari
09134,Cagliari
09170,Oristano
10010,Torino
10011,Torino
10012,Torino
10013,Torino
10014,Torino
10015,Torino
10016,Torino
10017,Torino
10018,Torino
10019,Torino
10020,Torino
10022,Torino
10023,Torino
10024,Torino
10025,Torino
10026,Torino
10028,Torino
10029,Torino
10030,Torino
10031,Torino
10032,Torino
10034,Torino
10035,Torino
10036,Torino
10037,Torino
10038,Torino
10039,Torino
10040,Torino
10041,Torino
10042,Torino
10043,Torino
10044,Torino
10045,Torino
10046,Torino
10048,Torino
10050,Torino
10051,Torino
10052,Torino
10053,Torino
10054,Torino
10055,Torino
10056,Torino
10057,Torino
10058,Torino
10059,Torino
10060,Torino
10061,Torino
10062,Torino
10063,Torino
10064,Torino
10065,Torino
10066,Torino
10067,Torino
10068,Torino
10069,Torino
10070,Torino
10071,Torino
10072,Torino
10073,Torino
10074,Torino
10075,Torino
10076,Torino
10077,Torino
10078,Torino
10079,Torino
10080,Torino
10081,Torino
10082,Torino
10083,Torino
10084,Torino
10085,Torino
10086,Torino
10087,Torino
10088,Torino
10089,Torino
10090,Torino
10091,Torino
10092,Torino
10093,Torino
10094,Torino
10095,Torino
10098,Torino
10099,Torino
10121,Torino
10122,Torino
10123,Torino
10124,Torino
10125,Torino
10126,Torino
10127,Torino
10128,Torino
10129,Torino
10131,Torino
10132,Torino
10133,Torino
10134,Torino
10135,Torino
10136,Torino
10137,Torino
10138,Torino
10139,Torino
10141,Torino
10142,Torino
10143,Torino
10144,Torino
10145,Torino
10146,Torino
10147,Torino
10148,Torino
10149,Torino
10151,Torino
10152,Torino
10153,Torino
10154,Torino
10155,Torino
10156,Torino
11010,Valle d'Aosta
11011,Valle d'Aosta
11012,Valle d'Aosta
11013,Valle d'Aosta
11014,Valle d'Aosta
11015,Valle d'Aosta
11016,Valle d'Aosta
11017,Valle d'Aosta
11018,Valle d'Aosta
11020,Valle d'Aosta
11021,Valle d'Aosta
11022,Valle d'Aosta
11023,Valle d'Aosta
11024,Valle d'Aosta
11025,Valle d'Aosta
11026,Valle d'Aosta
11027,Valle d'Aosta
11028,Valle d'Aosta
11029,Valle d'Aosta
11100,Valle d'Aosta
12010,Cuneo
12011,Cuneo
12012,Cuneo
12013,Cuneo
12014,Cuneo
12015,Cuneo
12016,Cuneo
12017,Cuneo
12018,Cuneo
12019,Cuneo
12020,Cuneo
12021,Cuneo
12022,Cuneo
12023,Cuneo
12024,Cuneo
12025,Cuneo
12026,Cuneo
12027,Cuneo
12028,Cuneo
12029,Cuneo
12030,Cuneo
12031,Cuneo
12032,Cuneo
12033,Cuneo
12034,Cuneo
12035,Cuneo
12036,Cuneo
12037,Cuneo
12038,Cuneo
12039,Cuneo
12040,Cuneo
12041,Cuneo
12042,Cuneo
12043,Cuneo
12044,Cuneo
12045,Cuneo
12046,Cuneo
12047,Cuneo
12048,Cuneo
12049,Cuneo
12050,Cuneo
12051,Cuneo
12052,Cuneo
12053,Cuneo
12054,Cuneo
12055,Cuneo
12056,Cuneo
12058,Cuneo
12060,Cuneo
12061,Cuneo
12062,Cuneo
12063,Cuneo
12064,Cuneo
12065,Cuneo
12066,Cuneo
12068,Cuneo
12069,Cuneo
12070,Cuneo
12071,Savona
12072,Cuneo
12073,Cuneo
12074,Cuneo
12075,Cuneo
12076,Cuneo
12077,Cuneo
12078,Cuneo
12079,Cuneo
12080,Cuneo
12081,Cuneo
12082,Cuneo
12083,Cuneo
12084,Cuneo
12087,Cuneo
12088,Cuneo
12089,Cuneo
12100,Cuneo
13010,Vercelli
13011,Vercelli
13012,Vercelli
13017,Vercelli
13018,Vercelli
13019,Vercelli
13020,Vercelli
13021,Vercelli
13022,Vercelli
13023,Vercelli
13024,Vercelli
13025,Vercelli
13026,Vercelli
13027,Vercelli
13028,Vercelli
13029,Vercelli
13030,Vercelli
13031,Vercelli
13032,Vercelli
13033,Vercelli
13034,Vercelli
13035,Vercelli
13036,Vercelli
13037,Vercelli
13038,Vercelli
13039,Vercelli
13040,Vercelli
13041,Vercelli
13043,Vercelli
13044,Vercelli
13045,Vercelli
13046,Vercelli
13047,Vercelli
13048,Vercelli
13049,Vercelli
13060,Vercelli
13100,Vercelli
13811,Biella
13812,Biella
13814,Biella
13815,Biella
13816,Biella
13817,Biella
13818,Biella
13821,Biella
13823,Biella
13824,Biella
13831,Biella
13833,Biella
13835,Biella
13836,Biella
13841,Biella
13843,Biella
13844,Biella
13845,Biella
13847,Biella
13848,Biella
13851,Biella
13853,Biella
13854,Biella
13855,Biella
13856,Biella
13861,Biella
13862,Biella
13863,Biella
13864,Biella
13865,Biella
13866,Biella
13867,Biella
13868,Biella
13871,Biella
13872,Biella
13873,Biella
13874,Biella
13875,Biella
13876,Biella
13877,Biella
13878,Biella
13881,Biella
13882,Biella
13883,Biella
13884,Biella
13885,Biella
13886,Biella
13887,Biella
13888,Biella
13891,Biella
13893,Biella
13894,Biella
13895,Biella
13896,Biella
13897,Biella
13898,Biella
13899,Biella
13900,Biella
14010,Asti
14011,Asti
14012,Asti
14013,Asti
14014,Asti
14015,Asti
14016,Asti
14017,Asti
14018,Asti
14019,Asti
14020,Asti
14021,Asti
14022,Asti
14023,Asti
14024,Asti
14025,Asti
14026,Asti
14030,Asti
14031,Asti
14032,Asti
14033,Asti
14034,Asti
14035,Asti
14036,Asti
14037,Asti
14039,Asti
14040,Asti
14041,Asti
14042,Asti
14043,Asti
14044,Asti
14045,Asti
14046,Asti
14047,Asti
14048,Asti
14049,Asti
14050,Asti
14051,Asti
14052,Asti
14053,Asti
14054,Asti
14055,Asti
14057,Asti
14058,Asti
14059,Asti
14100,Asti
15010,Alessandria
15011,Alessandria
15012,Alessandria
15013,Alessandria
15015,Alessandria
15016,Alessandria
15017,Alessandria
15018,Alessandria
15019,Alessandria
15020,Alessandria
15021,Alessandria
15022,Alessandria
15023,Alessandria
15024,Alessandria
15025,Alessandria
15026,Alessandria
15027,Alessandria
15028,Alessandria
15029,Alessandria
15030,Alessandria
15031,Alessandria
15032,Alessandria
15033,Alessandria
15034,Alessandria
15035,Alessandria
15036,Alessandria
15037,Alessandria
15038,Alessandria
15039,Alessandria
15040,Alessandria
15041,Alessandria
15042,Alessandria
15043,Alessandria
15044,Alessandria
15045,Alessandria
15046,Alessandria
15047,Alessandria
15048,Alessandria
15049,Alessandria
15050,Alessandria
15051,Alessandria
15052,Alessandria
15053,Alessandria
15054,Alessandria
15055,Alessandria
15056,Alessandria
15057,Alessandria
15058,Alessandria
15059,Alessandria
15060,Alessandria
15061,Alessandria
15062,Alessandria
15063,Alessandria
15064,Alessandria
15065,Alessandria
15066,Alessandria
15067,Alessandria
15068,Alessandria
15069,Alessandria
15070,Alessandria
15071,Alessandria
15072,Alessandria
15073,Alessandria
15074,Alessandria
15075,Alessandria
15076,Alessandria
15077,Alessandria
15078,Alessandria
15079,Alessandria
15121,Alessandria
15122,Alessandria
16010,Genova
16011,Genova
16012,Genova
16013,Genova
16014,Genova
16015,Genova
16016,Genova
16017,Genova
16018,Genova
16019,Genova
16020,Genova
16021,Genova
16022,Genova
16023,Genova
16024,Genova
16025,Genova
16026,Genova
16027,Genova
16028,Genova
16029,Genova
16030,Genova
16031,Genova
16032,Genova
16033,Genova
16034,Genova
16035,Genova
16036,Genova
16038,Genova
16039,Genova
16040,Genova
16041,Genova
16042,Genova
16043,Genova
16044,Genova
16045,Genova
16046,Genova
16047,Genova
16048,Genova
16049,Genova
16121,Genova
16122,Genova
16123,Genova
16124,Genova
16125,Genova
16126,Genova
16127,Genova
16128,Genova
16129,Genova
16131,Genova
16132,Genova
16133,Genova
16134,Genova
16135,Genova
16136,Genova
16137,Genova
16138,Genova
16139,Genova
16141,Genova
16142,Genova
16143,Genova
16144,Genova
16145,Genova
16146,Genova
16147,Genova
16148,Genova
16149,Genova
16151,Genova
16152,Genova
16153,Genova
16154,Genova
16155,Genova
16156,Genova
16157,Genova
16158,Genova
16159,Genova
16161,Genova
16162,Genova
16163,Genova
16164,Genova
16165,Genova
16166,Genova
16167,Genova
17010,Savona
17011,Savona
17012,Savona
17013,Savona
17014,Savona
17015,Savona
17017,Savona
17019,Savona
17020,Savona
17021,Savona
17022,Savona
17023,Savona
17024,Savona
17025,Savona
17026,Savona
17027,Savona
17028,Savona
17030,Savona
17031,Savona
17032,Savona
17033,Savona
17034,Savona
17035,Savona
17037,Savona
17038,Savona
17039,Savona
17040,Savona
17041,Savona
17042,Savona
17043,Savona
17044,Savona
17045,Savona
17046,Savona
17047,Savona
17048,Savona
17051,Savona
17052,Savona
17053,Savona
17054,Savona
17055,Savona
17056,Savona
17057,Savona
17058,Savona
17100,Savona
18010,Imperia
18011,Imperia
18012,Imperia
18013,Imperia
18014,Imperia
18015,Imperia
18016,Imperia
18017,Imperia
18018,Imperia
18019,Imperia
18020,Imperia
18021,Imperia
18022,Imperia
18023,Imperia
18024,Imperia
18025,Imperia
18026,Imperia
18027,Imperia
18028,Imperia
18030,Imperia
18031,Imperia
18032,Imperia
18033,Imperia
18034,Imperia
18035,Imperia
18036,Imperia
18037,Imperia
18038,Imperia
18039,Imperia
18100,Imperia
19010,La Spezia
19011,La Spezia
19012,La Spezia
19013,La Spezia
19014,La Spezia
19015,La Spezia
19016,La Spezia
19017,La Spezia
19018,La Spezia
19020,La Spezia
19021,La Spezia
19025,La Spezia
19028,La Spezia
19031,La Spezia
19032,La Spezia
19033,La Spezia
19034,La Spezia
19037,La Spezia
19038,La Spezia
19121,La Spezia
19122,La Spezia
19123,La Spezia
19124,La Spezia
19125,La Spezia
19126,La Spezia
19131,La Spezia
19132,La Spezia
19133,La Spezia
19134,La Spezia
19135,La Spezia
19136,La Spezia
19137,La Spezia
20001,Milano
20002,Milano
20003,Milano
20004,Milano
20005,Milano
20006,Milano
20007,Milano
20008,Milano
20009,Milano
20010,Milano
20011,Milano
20012,Milano
20013,Milano
20014,Milano
20015,Milano
20016,Milano
20017,Milano
20018,Milano
20019,Milano
20020,Milano
20021,Milano
20022,Milano
20023,Milano
20024,Milano
20025,Milano
20026,Milano
20027,Milano
20028,Milano
20029,Milano
20030,Milano
20031,Milano
20032,Milano
20033,Milano
20034,Milano
20035,Milano
20036,Milano
20037,Milano
20038,Milano
20039,Milano
20040,Milano
20041,Milano
20042,Milano
20043,Milano
20044,Milano
20045,Milano
20046,Milano
20047,Milano
20048,Milano
20049,Milano
20050,Milano
20051,Milano
20052,Milano
20053,Milano
20054,Milano
20055,Milano
20056,Milano
20057,Milano
20058,Milano
20059,Milano
20060,Milano
20061,Milano
20062,Milano
20063,Milano
20064,Milano
20065,Milano
20066,Milano
20067,Milano
20068,Milano
20069,Milano
20070,Milano
20071,Milano
20072,Milano
20073,Milano
20074,Milano
20075,Milano
20076,Milano
20077,Milano
20078,Milano
20079,Milano
20080,Milano
20081,Milano
20082,Milano
20083,Milano
20084,Milano
20085,Milano
20086,Milano
20087,Milano
20088,Milano
20089,Milano
20090,Milano
20091,Milano
20092,Milano
20093,Milano
20094,Milano
20095,Milano
20096,Milano
20097,Milano
20098,Milano
20099,Milano
20121,Milano
20122,Milano
20123,Milano
20124,Milano
20125,Milano
20126,Milano
20127,Milano
20128,Milano
20129,Milano
20131,Milano
20132,Milano
20133,Milano
20134,Milano
20135,Milano
20136,Milano
20137,Milano
20138,Milano
20139,Milano
20141,Milano
20142,Milano
20143,Milano
20144,Milano
20145,Milano
20146,Milano
20147,Milano
20148,Milano
20149,Milano
20151,Milano
20152,Milano
20153,Milano
20154,Milano
20155,Milano
20156,Milano
20157,Milano
20158,Milano
20159,Milano
20161,Milano
20162,Milano
20811,Monza e della Brianza
20812,Monza e della Brianza
20813,Monza e della Brianza
20814,Monza e della Brianza
20815,Monza e della Brianza
20816,Monza e della Brianza
20821,Monza e della Brianza
20822,Monza e della Brianza
20823,Monza e della Brianza
20824,Monza e della Brianza
20825,Monza e della Brianza
20826,Monza e della Brianza
20831,Monza e della Brianza
20832,Monza e della Brianza
20833,Monza e della Brianza
20834,Monza e della Brianza
20835,Monza e della Brianza
20836,Monza e della Brianza
20837,Monza e della Brianza
20838,Monza e della Brianza
20841,Monza e della Brianza
20842,Monza e della Brianza
20843,Monza e della Brianza
20844,Monza e della Brianza
20845,Monza e della Brianza
20846,Monza e della Brianza
20847,Monza e della Brianza
20851,Monza e della Brianza
20852,Monza e della Brianza
20853,Monza e della Brianza
20854,Monza e della Brianza
20855,Monza e della Brianza
20856,Monza e della Brianza
20857,Monza e della Brianza
20861,Monza e della Brianza
20862,Monza e della Brianza
20863,Monza e della Brianza
20864,Monza e della Brianza
20865,Monza e della Brianza
20866,Monza e della Brianza
20867,Monza e della Brianza
20871,Monza e della Brianza
20872,Monza e della Brianza
20873,Monza e della Brianza
20874,Monza e della Brianza
20875,Monza e della Brianza
20876,Monza e della Brianza
20877,Monza e della Brianza
20881,Monza e della Brianza
20882,Monza e della Brianza
20883,Monza e della Brianza
20884,Monza e della Brianza
20885,Monza e della Brianza
20886,Monza e della Brianza
20900,Monza e della Brianza
21010,Varese
21011,Varese
21012,Varese
21013,Varese
21014,Varese
21015,Varese
21016,Varese
21017,Varese
21018,Varese
21019,Varese
21020,Varese
21021,Varese
21022,Varese
21023,Varese
21024,Varese
21025,Varese
21026,Varese
21027,Varese
21028,Varese
21029,Varese
21030,Varese
21031,Varese
21032,Varese
21033,Varese
21034,Varese
21035,Varese
21036,Varese
21037,Varese
21038,Varese
21039,Varese
21040,Varese
21041,Varese
21042,Varese
21043,Varese
21044,Varese
21045,Varese
21046,Varese
21047,Varese
21048,Varese
21049,Varese
21050,Varese
21051,Varese
21052,Varese
21053,Varese
21054,Varese
21055,Varese
21056,Varese
21057,Varese
21058,Varese
21059,Varese
21061,Varese
21062,Varese
21100,Varese
22010,Como
22011,Como
22012,Como
22013,Como
22014,Como
22015,Como
22016,Como
22017,Como
22018,Como
22019,Como
22020,Como
22021,Como
22023,Como
22024,Como
22025,Como
22026,Como
22027,Como
22028,Como
22029,Como
22030,Como
22031,Como
22032,Como
22033,Como
22034,Como
22035,Como
22036,Como
22037,Como
22038,Como
22039,Como
22040,Como
22041,Como
22042,Como
22043,Como
22044,Como
22045,Como
22046,Como
22060,Como
22061,Como
22063,Como
22066,Como
22069,Como
22070,Como
22071,Como
22072,Como
22073,Como
22074,Como
22075,Como
22076,Como
22077,Como
22078,Como
22079,Como
22100,Como
23009,Sondrio
23010,Sondrio
23011,Sondrio
23012,Sondrio
23013,Sondrio
23014,Sondrio
23015,Sondrio
23016,Sondrio
23017,Sondrio
23018,Sondrio
23019,Sondrio
23020,Sondrio
23021,Sondrio
23022,Sondrio
23023,Sondrio
23024,Sondrio
23025,Sondrio
23026,Sondrio
23027,Sondrio
23029,Sondrio
23030,Sondrio
23031,Sondrio
23032,Sondrio
23033,Sondrio
23034,Sondrio
23035,Sondrio
23036,Sondrio
23037,Sondrio
23038,Sondrio
23041,Sondrio
23100,Sondrio
23801,Lecco
23802,Lecco
23804,Lecco
23805,Lecco
23807,Lecco
23808,Lecco
23811,Lecco
23813,Lecco
23814,Lecco
23815,Lecco
23816,Lecco
23817,Lecco
23818,Lecco
23819,Lecco
23821,Lecco
23822,Lecco
23823,Lecco
23824,Lecco
23825,Lecco
23826,Lecco
23827,Lecco
23828,Lecco
23829,Lecco
23831,Lecco
23832,Lecco
23833,Lecco
23834,Lecco
23835,Lecco
23836,Lecco
23837,Lecco
23841,Lecco
23842,Lecco
23843,Lecco
23844,Lecco
23845,Lecco
23846,Lecco
23847,Lecco
23848,Lecco
23849,Lecco
23851,Lecco
23852,Lecco
23854,Lecco
23855,Lecco
23857,Lecco
23861,Lecco
23862,Lecco
23864,Lecco
23865,Lecco
23867,Lecco
23868,Lecco
23870,Lecco
23871,Lecco
23873,Lecco
23874,Lecco
23875,Lecco
23876,Lecco
23877,Lecco
23878,Lecco
23879,Lecco
23880,Lecco
23881,Lecco
23883,Lecco
23884,Lecco
23885,Lecco
23886,Lecco
23887,Lecco
23888,Lecco
23889,Lecco
23890,Lecco
23891,Lecco
23892,Lecco
23893,Lecco
23894,Lecco
23895,Lecco
23896,Lecco
23897,Lecco
23898,Lecco
23899,Lecco
23900,Lecco
24010,Bergamo
24011,Bergamo
24012,Bergamo
24013,Bergamo
24014,Bergamo
24015,Bergamo
24016,Bergamo
24017,Bergamo
24018,Bergamo
24019,Bergamo
24020,Bergamo
24021,Bergamo
24022,Bergamo
24023,Bergamo
24024,Bergamo
24025,Bergamo
24026,Bergamo
24027,Bergamo
24028,Bergamo
24029,Bergamo
24030,Bergamo
24031,Bergamo
24032,Bergamo
24033,Bergamo
24034,Bergamo
24035,Bergamo
24036,Bergamo
24037,Bergamo
24038,Bergamo
24039,Bergamo
24040,Bergamo
24041,Bergamo
24042,Bergamo
24043,Bergamo
24044,Bergamo
24045,Bergamo
24046,Bergamo
24047,Bergamo
24048,Bergamo
24049,Bergamo
24050,Bergamo
24051,Bergamo
24052,Bergamo
24053,Bergamo
24054,Bergamo
24055,Bergamo
24056,Bergamo
24057,Bergamo
24058,Bergamo
24059,Bergamo
24060,Bergamo
24061,Bergamo
24062,Bergamo
24063,Bergamo
24064,Bergamo
24065,Bergamo
24066,Bergamo
24067,Bergamo
24068,Bergamo
24069,Bergamo
24121,Bergamo
24122,Bergamo
24123,Bergamo
24124,Bergamo
24125,Bergamo
24126,Bergamo
24127,Bergamo
24128,Bergamo
24129,Bergamo
25010,Brescia
25011,Brescia
25012,Brescia
25013,Brescia
25014,Brescia
25015,Brescia
25016,Brescia
25017,Brescia
25018,Brescia
25019,Brescia
25020,Brescia
25021,Brescia
25022,Brescia
25023,Brescia
25024,Brescia
25025,Brescia
25026,Brescia
25027,Brescia
25028,Brescia
25029,Brescia
25030,Brescia
25031,Brescia
25032,Brescia
25033,Brescia
25034,Brescia
25035,Brescia
25036,Brescia
25037,Brescia
25038,Brescia
25039,Brescia
25040,Brescia
25042,Brescia
25043,Brescia
25044,Brescia
25045,Brescia
25046,Brescia
25047,Brescia
25048,Brescia
25049,Brescia
25050,Brescia
25051,Brescia
25052,Brescia
25053,Brescia
25054,Brescia
25055,Brescia
25056,Brescia
25057,Brescia
25058,Brescia
25059,Brescia
25060,Brescia
25061,Brescia
25062,Brescia
25063,Brescia
25064,Brescia
25065,Brescia
25068,Brescia
25069,Brescia
25070,Brescia
25071,Brescia
25072,Brescia
25073,Brescia
25074,Brescia
25075,Brescia
25076,Brescia
25077,Brescia
25078,Brescia
25079,Brescia
25080,Brescia
25081,Brescia
25082,Brescia
25083,Brescia
25084,Brescia
25085,Brescia
25086,Brescia
25087,Brescia
25088,Brescia
25089,Brescia
25121,Brescia
25122,Brescia
25123,Brescia
25124,Brescia
25125,Brescia
25126,Brescia
25127,Brescia
25128,Brescia
25129,Brescia
25131,Brescia
25132,Brescia
25133,Brescia
25134,Brescia
25135,Brescia
25136,Brescia
26010,Cremona
26011,Cremona
26012,Cremona
26013,Cremona
26014,Cremona
26015,Cremona
26016,Cremona
26017,Cremona
26018,Cremona
26019,Cremona
26020,Cremona
26021,Cremona
26022,Cremona
26023,Cremona
26024,Cremona
26025,Cremona
26026,Cremona
26027,Cremona
26028,Cremona
26029,Cremona
26030,Cremona
26031,Cremona
26032,Cremona
26033,Cremona
26034,Cremona
26035,Cremona
26036,Cremona
26037,Cremona
26038,Cremona
26039,Cremona
26040,Cremona
26041,Cremona
26042,Cremona
26043,Cremona
26044,Cremona
26045,Cremona
26046,Cremona
26047,Cremona
26048,Cremona
26049,Cremona
26100,Cremona
26811,Lodi
26812,Lodi
26813,Lodi
26814,Lodi
26815,Lodi
26816,Lodi
26817,Lodi
26818,Lodi
26821,Lodi
26822,Lodi
26823,Lodi
26824,Lodi
26825,Lodi
26826,Lodi
26827,Lodi
26828,Lodi
26831,Lodi
26832,Lodi
26833,Lodi
26834,Lodi
26835,Lodi
26836,Lodi
26837,Lodi
26838,Lodi
26839,Lodi
26841,Lodi
26842,Lodi
26843,Lodi
26844,Lodi
26845,Lodi
26846,Lodi
26847,Lodi
26848,Lodi
26849,Lodi
26851,Lodi
26852,Lodi
26853,Lodi
26854,Lodi
26855,Lodi
26856,Lodi
26857,Lodi
26858,Lodi
26859,Lodi
26861,Lodi
26862,Lodi
26863,Lodi
26864,Lodi
26865,Lodi
26866,Lodi
26867,Lodi
26900,Lodi
27010,Pavia
27011,Pavia
27012,Pavia
27013,Pavia
27014,Pavia
27015,Pavia
27016,Pavia
27017,Pavia
27018,Pavia
27019,Pavia
27020,Pavia
27021,Pavia
27022,Pavia
27023,Pavia
27024,Pavia
27025,Pavia
27026,Pavia
27027,Pavia
27028,Pavia
27029,Pavia
27030,Pavia
27031,Pavia
27032,Pavia
27033,Pavia
27034,Pavia
27035,Pavia
27036,Pavia
27037,Pavia
27038,Pavia
27039,Pavia
27040,Pavia
27041,Pavia
27042,Pavia
27043,Pavia
27044,Pavia
27045,Pavia
27046,Pavia
27047,Pavia
27048,Pavia
27049,Pavia
27050,Pavia
27051,Pavia
27052,Pavia
27053,Pavia
27054,Pavia
27055,Pavia
27056,Pavia
27057,Pavia
27058,Pavia
27059,Pavia
27061,Pavia
27100,Pavia
28010,Novara
28011,Novara
28012,Novara
28013,Novara
28014,Novara
28015,Novara
28016,Novara
28017,Novara
28019,Novara
28021,Novara
28024,Novara
28028,Novara
28040,Novara
28041,Novara
28043,Novara
28045,Novara
28046,Novara
28047,Novara
28050,Novara
28053,Novara
28060,Novara
28061,Novara
28062,Novara
28064,Novara
28065,Novara
28066,Novara
28068,Novara
28069,Novara
28070,Novara
28071,Novara
28072,Novara
28073,Novara
28074,Novara
28075,Novara
28076,Novara
28077,Novara
28078,Novara
28079,Novara
28100,Novara
28801,Verbano-Cusio-Ossola
28802,Verbano-Cusio-Ossola
28803,Verbano-Cusio-Ossola
28804,Verbano-Cusio-Ossola
28805,Verbano-Cusio-Ossola
28811,Verbano-Cusio-Ossola
28812,Verbano-Cusio-Ossola
28813,Verbano-Cusio-Ossola
28814,Verbano-Cusio-Ossola
28815,Verbano-Cusio-Ossola
28816,Verbano-Cusio-Ossola
28817,Verbano-Cusio-Ossola
28818,Verbano-Cusio-Ossola
28819,Verbano-Cusio-Ossola
28821,Verbano-Cusio-Ossola
28822,Verbano-Cusio-Ossola
28823,Verbano-Cusio-Ossola
28824,Verbano-Cusio-Ossola
28826,Verbano-Cusio-Ossola
28827,Verbano-Cusio-Ossola
28828,Verbano-Cusio-Ossola
28831,Verbano-Cusio-Ossola
28832,Verbano-Cusio-Ossola
28833,Verbano-Cusio-Ossola
28836,Verbano-Cusio-Ossola
28838,Verbano-Cusio-Ossola
28841,Verbano-Cusio-Ossola
28842,Verbano-Cusio-Ossola
28843,Verbano-Cusio-Ossola
28844,Verbano-Cusio-Ossola
28845,Verbano-Cusio-Ossola
28846,Verbano-Cusio-Ossola
28851,Verbano-Cusio-Ossola
28852,Verbano-Cusio-Ossola
28853,Verbano-Cusio-Ossola
28854,Verbano-Cusio-Ossola
28855,Verbano-Cusio-Ossola
28856,Verbano-Cusio-Ossola
28857,Verbano-Cusio-Ossola
28858,Verbano-Cusio-Ossola
28859,Verbano-Cusio-Ossola
28861,Verbano-Cusio-Ossola
28862,Verbano-Cusio-Ossola
28863,Verbano-Cusio-Ossola
28864,Verbano-Cusio-Ossola
28865,Verbano-Cusio-Ossola
28866,Verbano-Cusio-Ossola
28868,Verbano-Cusio-Ossola
28871,Verbano-Cusio-Ossola
28873,Verbano-Cusio-Ossola
28875,Verbano-Cusio-Ossola
28876,Verbano-Cusio-Ossola
28877,Verbano-Cusio-Ossola
28879,Verbano-Cusio-Ossola
28881,Verbano-Cusio-Ossola
28883,Verbano-Cusio-Ossola
28884,Verbano-Cusio-Ossola
28885,Verbano-Cusio-Ossola
28886,Verbano-Cusio-Ossola
28887,Verbano-Cusio-Ossola
28891,Verbano-Cusio-Ossola
28893,Verbano-Cusio-Ossola
28894,Verbano-Cusio-Ossola
28895,Verbano-Cusio-Ossola
28896,Verbano-Cusio-Ossola
28897,Verbano-Cusio-Ossola
28898,Verbano-Cusio-Ossola
28899,Verbano-Cusio-Ossola
28921,Verbano-Cusio-Ossola
28922,Verbano-Cusio-Ossola
28923,Verbano-Cusio-Ossola
28924,Verbano-Cusio-Ossola
28925,Verbano-Cusio-Ossola
29010,Piacenza
29011,Piacenza
29012,Piacenza
29013,Piacenza
29014,Piacenza
29015,Piacenza
29016,Piacenza
29017,Piacenza
29018,Piacenza
29019,Piacenza
29020,Piacenza
29021,Piacenza
29022,Piacenza
29023,Piacenza
29024,Piacenza
29025,Piacenza
29026,Piacenza
29027,Piacenza
29028,Piacenza
29029,Piacenza
29031,Piacenza
29121,Piacenza
29122,Piacenza
30010,Venezia
30013,Venezia
30014,Venezia
30015,Venezia
30016,Venezia
30020,Venezia
30021,Venezia
30022,Venezia
30023,Venezia
30024,Venezia
30025,Venezia
30026,Venezia
30027,Venezia
30028,Venezia
30029,Venezia
30030,Venezia
30031,Venezia
30032,Venezia
30033,Venezia
30034,Venezia
30035,Venezia
30036,Venezia
30037,Venezia
30038,Venezia
30039,Venezia
30121,Venezia
30122,Venezia
30123,Venezia
30124,Venezia
30125,Venezia
30126,Venezia
30132,Venezia
30133,Venezia
30135,Venezia
30141,Venezia
30142,Venezia
30171,Venezia
30172,Venezia
30173,Venezia
30174,Venezia
30175,Venezia
30176,Venezia
31010,Treviso
31011,Treviso
31012,Treviso
31013,Treviso
31014,Treviso
31015,Treviso
31016,Treviso
31017,Treviso
31018,Treviso
31020,Treviso
31021,Treviso
31022,Treviso
31023,Treviso
31024,Treviso
31025,Treviso
31026,Treviso
31027,Treviso
31028,Treviso
31029,Treviso
31030,Treviso
31031,Treviso
31032,Treviso
31033,Treviso
31034,Treviso
31035,Treviso
31036,Treviso
31037,Treviso
31038,Treviso
31039,Treviso
31040,Treviso
31041,Treviso
31042,Treviso
31043,Treviso
31044,Treviso
31045,Treviso
31046,Treviso
31047,Treviso
31048,Treviso
31049,Treviso
31050,Treviso
31051,Treviso
31052,Treviso
31053,Treviso
31054,Treviso
31055,Treviso
31056,Treviso
31057,Treviso
31058,Treviso
31059,Treviso
31100,Treviso
32010,Belluno
32012,Belluno
32013,Belluno
32014,Belluno
32016,Belluno
32020,Belluno
32021,Belluno
32022,Belluno
32023,Belluno
32026,Belluno
32027,Belluno
32030,Belluno
32031,Belluno
32032,Belluno
32033,Belluno
32034,Belluno
32035,Belluno
32036,Belluno
32037,Belluno
32038,Belluno
32040,Belluno
32041,Belluno
32042,Belluno
32043,Belluno
32044,Belluno
32045,Belluno
32046,Belluno
32100,Belluno
33010,Udine
33011,Udine
33012,Udine
33013,Udine
33014,Udine
33015,Udine
33016,Udine
33017,Udine
33018,Udine
33019,Udine
33020,Udine
33021,Udine
33022,Udine
33023,Udine
33024,Udine
33025,Udine
33026,Udine
33027,Udine
33028,Udine
33029,Udine
33030,Udine
33031,Udine
33032,Udine
33033,Udine
33034,Udine
33035,Udine
33036,Udine
33037,Udine
33038,Udine
33039,Udine
33040,Udine
33041,Udine
33042,Udine
33043,Udine
33044,Udine
33045,Udine
33046,Udine
33047,Udine
33048,Udine
33049,Udine
33050,Udine
33051,Udine
33052,Udine
33053,Udine
33054,Udine
33055,Udine
33056,Udine
33057,Udine
33058,Udine
33059,Udine
33061,Udine
33070,Pordenone
33072,Pordenone
33074,Pordenone
33075,Pordenone
33076,Pordenone
33077,Pordenone
33078,Pordenone
33079,Pordenone
33080,Pordenone
33081,Pordenone
33082,Pordenone
33083,Pordenone
33084,Pordenone
33085,Pordenone
33086,Pordenone
33087,Pordenone
33090,Pordenone
33092,Pordenone
33094,Pordenone
33095,Pordenone
33097,Pordenone
33098,Pordenone
33099,Pordenone
33100,Udine
33170,Pordenone
34010,Trieste
34011,Trieste
34015,Trieste
34016,Trieste
34018,Trieste
34070,Gorizia
34071,Gorizia
34072,Gorizia
34073,Gorizia
34074,Gorizia
34075,Gorizia
34076,Gorizia
34077,Gorizia
34078,Gorizia
34079,Gorizia
34121,Trieste
34122,Trieste
34123,Trieste
34124,Trieste
34125,Trieste
34126,Trieste
34127,Trieste
34128,Trieste
34129,Trieste
34131,Trieste
34132,Trieste
34133,Trieste
34134,Trieste
34135,Trieste
34136,Trieste
34137,Trieste
34138,Trieste
34139,Trieste
34141,Trieste
34142,Trieste
34143,Trieste
34144,Trieste
34145,Trieste
34146,Trieste
34147,Trieste
34148,Trieste
34149,Trieste
34151,Trieste
34170,Gorizia
35010,Padova
35011,Padova
35012,Padova
35013,Padova
35014,Padova
35015,Padova
35016,Padova
35017,Padova
35018,Padova
35019,Padova
35020,Padova
35021,Padova
35022,Padova
35023,Padova
35024,Padova
35025,Padova
35026,Padova
35027,Padova
35028,Padova
35029,Padova
35030,Padova
35031,Padova
35032,Padova
35034,Padova
35035,Padova
35036,Padova
35037,Padova
35038,Padova
35040,Padova
35041,Padova
35042,Padova
35043,Padova
35044,Padova
35045,Padova
35046,Padova
35047,Padova
35048,Padova
35121,Padova
35122,Padova
35123,Padova
35124,Padova
35125,Padova
35126,Padova
35127,Padova
35128,Padova
35129,Padova
35131,Padova
35132,Padova
35133,Padova
35134,Padova
35135,Padova
35136,Padova
35137,Padova
35138,Padova
35139,Padova
35141,Padova
35142,Padova
35143,Padova
36010,Vicenza
36011,Vicenza
36012,Vicenza
36013,Vicenza
36014,Vicenza
36015,Vicenza
36016,Vicenza
36020,Vicenza
36021,Vicenza
36022,Vicenza
36023,Vicenza
36024,Vicenza
36025,Vicenza
36026,Vicenza
36027,Vicenza
36028,Vicenza
36029,Vicenza
36030,Vicenza
36031,Vicenza
36032,Vicenza
36033,Vicenza
36034,Vicenza
36035,Vicenza
36036,Vicenza
36040,Vicenza
36042,Vicenza
36043,Vicenza
36044,Vicenza
36045,Vicenza
36046,Vicenza
36047,Vicenza
36048,Vicenza
36050,Vicenza
36051,Vicenza
36052,Vicenza
36053,Vicenza
36054,Vicenza
36055,Vicenza
36056,Vicenza
36057,Vicenza
36060,Vicenza
36061,Vicenza
36063,Vicenza
36064,Vicenza
36065,Vicenza
36066,Vicenza
36070,Vicenza
36071,Vicenza
36072,Vicenza
36073,Vicenza
36075,Vicenza
36076,Vicenza
36077,Vicenza
36078,Vicenza
36100,Vicenza
37010,Verona
37011,Verona
37012,Verona
37013,Verona
37014,Verona
37015,Verona
37016,Verona
37017,Verona
37018,Verona
37019,Verona
37020,Verona
37021,Verona
37022,Verona
37023,Verona
37024,Verona
37026,Verona
37028,Verona
37029,Verona
37030,Verona
37031,Verona
37032,Verona
37035,Verona
37036,Verona
37038,Verona
37039,Verona
37040,Verona
37041,Verona
37042,Verona
37043,Verona
37044,Verona
37045,Verona
37046,Verona
37047,Verona
37049,Verona
37050,Verona
37051,Verona
37052,Verona
37053,Verona
37054,Verona
37055,Verona
37056,Verona
37057,Verona
37058,Verona
37059,Verona
37060,Verona
37062,Verona
37063,Verona
37064,Verona
37066,Verona
37067,Verona
37068,Verona
37069,Verona
37121,Verona
37122,Verona
37123,Verona
37124,Verona
37125,Verona
37126,Verona
37127,Verona
37128,Verona
37129,Verona
37131,Verona
37132,Verona
37133,Verona
37134,Verona
37135,Verona
37136,Verona
37137,Verona
37138,Verona
37139,Verona
37141,Verona
37142,Verona
38010,Trento
38011,Trento
38012,Trento
38013,Trento
38015,Trento
38016,Trento
38017,Trento
38018,Trento
38019,Trento
38020,Trento
38022,Trento
38023,Trento
38024,Trento
38025,Trento
38026,Trento
38027,Trento
38028,Trento
38029,Trento
38030,Trento
38031,Trento
38032,Trento
38033,Trento
38034,Trento
38035,Trento
38036,Trento
38037,Trento
38038,Trento
38040,Trento
38041,Trento
38042,Trento
38043,Trento
38045,Trento
38046,Trento
38047,Trento
38048,Trento
38049,Trento
38050,Trento
38051,Trento
38052,Trento
38053,Trento
38054,Trento
38055,Trento
38056,Trento
38057,Trento
38059,Trento
38060,Trento
38061,Trento
38062,Trento
38063,Trento
38064,Trento
38065,Trento
38066,Trento
38067,Trento
38068,Trento
38069,Trento
38070,Trento
38071,Trento
38073,Trento
38074,Trento
38075,Trento
38076,Trento
38077,Trento
38078,Trento
38079,Trento
38080,Trento
38082,Trento
38083,Trento
38085,Trento
38086,Trento
38087,Trento
38088,Trento
38089,Trento
38091,Trento
38092,Trento
38093,Trento
38094,Trento
38095,Trento
38096,Trento
38097,Trento
38098,Trento
38099,Trento
38121,Trento
38122,Trento
38123,Trento
39010,Bolzano/Bozen
39011,Bolzano/Bozen
39012,Bolzano/Bozen
39013,Bolzano/Bozen
39014,Bolzano/Bozen
39015,Bolzano/Bozen
39016,Bolzano/Bozen
39017,Bolzano/Bozen
39018,Bolzano/Bozen
39019,Bolzano/Bozen
39020,Bolzano/Bozen
39021,Bolzano/Bozen
39022,Bolzano/Bozen
39023,Bolzano/Bozen
39024,Bolzano/Bozen
39025,Bolzano/Bozen
39026,Bolzano/Bozen
39027,Bolzano/Bozen
39028,Bolzano/Bozen
39029,Bolzano/Bozen
39030,Bolzano/Bozen
39031,Bolzano/Bozen
39032,Bolzano/Bozen
39033,Bolzano/Bozen
39034,Bolzano/Bozen
39035,Bolzano/Bozen
39036,Bolzano/Bozen
39037,Bolzano/Bozen
39038,Bolzano/Bozen
39039,Bolzano/Bozen
39040,Bolzano/Bozen
39041,Bolzano/Bozen
39042,Bolzano/Bozen
39043,Bolzano/Bozen
39044,Bolzano/Bozen
39045,Bolzano/Bozen
39046,Bolzano/Bozen
39047,Bolzano/Bozen
39048,Bolzano/Bozen
39049,Bolzano/Bozen
39050,Bolzano/Bozen
39051,Bolzano/Bozen
39052,Bolzano/Bozen
39053,Bolzano/Bozen
39054,Bolzano/Bozen
39055,Bolzano/Bozen
39056,Bolzano/Bozen
39057,Bolzano/Bozen
39058,Bolzano/Bozen
39100,Bolzano/Bozen
40010,Bologna
40011,Bologna
40012,Bologna
40013,Bologna
40014,Bologna
40015,Bologna
40016,Bologna
40017,Bologna
40018,Bologna
40019,Bologna
40020,Bologna
40021,Bologna
40022,Bologna
40023,Bologna
40024,Bologna
40025,Bologna
40026,Bologna
40027,Bologna
40030,Bologna
40032,Bologna
40033,Bologna
40034,Bologna
40035,Bologna
40036,Bologna
40037,Bologna
40038,Bologna
40041,Bologna
40042,Bologna
40043,Bologna
40046,Bologna
40048,Bologna
40050,Bologna
40051,Bologna
40052,Bologna
40053,Bologna
40054,Bologna
40055,Bologna
40056,Bologna
40057,Bologna
40059,Bologna
40060,Bologna
40061,Bologna
40062,Bologna
40063,Bologna
40064,Bologna
40065,Bologna
40066,Bologna
40067,Bologna
40068,Bologna
40069,Bologna
40121,Bologna
40122,Bologna
40123,Bologna
40124,Bologna
40125,Bologna
40126,Bologna
40127,Bologna
40128,Bologna
40129,Bologna
40131,Bologna
40132,Bologna
40133,Bologna
40134,Bologna
40135,Bologna
40136,Bologna
40137,Bologna
40138,Bologna
40139,Bologna
40141,Bologna
41011,Modena
41012,Modena
41013,Modena
41014,Modena
41015,Modena
41016,Modena
41017,Modena
41018,Modena
41019,Modena
41020,Modena
41021,Modena
41022,Modena
41023,Modena
41025,Modena
41026,Modena
41027,Modena
41028,Modena
41029,Modena
41030,Modena
41031,Modena
41032,Modena
41033,Modena
41034,Modena
41035,Modena
41036,Modena
41037,Modena
41038,Modena
41039,Modena
41040,Modena
41042,Modena
41043,Modena
41044,Modena
41045,Modena
41046,Modena
41048,Modena
41049,Modena
41051,Modena
41052,Modena
41053,Modena
41054,Modena
41055,Modena
41056,Modena
41057,Modena
41058,Modena
41059,Modena
41121,Modena
41122,Modena
41123,Modena
41124,Modena
41125,Modena
41126,Modena
42010,Reggio nell'Emilia
42011,Reggio nell'Emilia
42012,Reggio nell'Emilia
42013,Reggio nell'Emilia
42014,Reggio nell'Emilia
42015,Reggio nell'Emilia
42016,Reggio nell'Emilia
42017,Reggio nell'Emilia
42018,Reggio nell'Emilia
42019,Reggio nell'Emilia
42020,Reggio nell'Emilia
42021,Reggio nell'Emilia
42022,Reggio nell'Emilia
42023,Reggio nell'Emilia
42024,Reggio nell'Emilia
42025,Reggio nell'Emilia
42026,Reggio nell'Emilia
42027,Reggio nell'Emilia
42028,Reggio nell'Emilia
42030,Reggio nell'Emilia
42031,Reggio nell'Emilia
42032,Reggio nell'Emilia
42033,Reggio nell'Emilia
42034,Reggio nell'Emilia
42035,Reggio nell'Emilia
42040,Reggio nell'Emilia
42041,Reggio nell'Emilia
42042,Reggio nell'Emilia
42043,Reggio nell'Emilia
42044,Reggio nell'Emilia
42045,Reggio nell'Emilia
42046,Reggio nell'Emilia
42047,Reggio nell'Emilia
42048,Reggio nell'Emilia
42049,Reggio nell'Emilia
42121,Reggio nell'Emilia
42122,Reggio nell'Emilia
42123,Reggio nell'Emilia
42124,Reggio nell'Emilia
43010,Parma
43011,Parma
43012,Parma
43013,Parma
43014,Parma
43015,Parma
43016,Parma
43017,Parma
43018,Parma
43019,Parma
43021,Parma
43022,Parma
43024,Parma
43025,Parma
43028,Parma
43029,Parma
43030,Parma
43032,Parma
43035,Parma
43036,Parma
43037,Parma
43038,Parma
43039,Parma
43040,Parma
43041,Parma
43042,Parma
43043,Parma
43044,Parma
43045,Parma
43046,Parma
43047,Parma
43048,Parma
43049,Parma
43050,Parma
43051,Parma
43052,Parma
43053,Parma
43056,Parma
43058,Parma
43059,Parma
43121,Parma
43122,Parma
43123,Parma
43124,Parma
43125,Parma
43126,Parma
44011,Ferrara
44012,Ferrara
44015,Ferrara
44019,Ferrara
44020,Ferrara
44021,Ferrara
44022,Ferrara
44023,Ferrara
44026,Ferrara
44027,Ferrara
44028,Ferrara
44029,Ferrara
44033,Ferrara
44034,Ferrara
44037,Ferrara
44039,Ferrara
44041,Ferrara
44042,Ferrara
44045,Ferrara
44047,Ferrara
44049,Ferrara
44121,Ferrara
44122,Ferrara
44123,Ferrara
44124,Ferrara
45010,Rovigo
45011,Rovigo
45012,Rovigo
45014,Rovigo
45015,Rovigo
45017,Rovigo
45018,Rovigo
45019,Rovigo
45020,Rovigo
45021,Rovigo
45022,Rovigo
45023,Rovigo
45024,Rovigo
45025,Rovigo
45026,Rovigo
45027,Rovigo
45030,Rovigo
45031,Rovigo
45032,Rovigo
45033,Rovigo
45034,Rovigo
45035,Rovigo
45036,Rovigo
45037,Rovigo
45038,Rovigo
45039,Rovigo
45100,Rovigo
46010,Mantova
46011,Mantova
46012,Mantova
46013,Mantova
46014,Mantova
46017,Mantova
46018,Mantova
46019,Mantova
46020,Mantova
46021,Mantova
46023,Mantova
46024,Mantova
46025,Mantova
46026,Mantova
46027,Mantova
46028,Mantova
46029,Mantova
46030,Mantova
46031,Mantova
46032,Mantova
46033,Mantova
46034,Mantova
46035,Mantova
46036,Mantova
46037,Mantova
46039,Mantova
46040,Mantova
46041,Mantova
46042,Mantova
46043,Mantova
46044,Mantova
46045,Mantova
46046,Mantova
46047,Mantova
46048,Mantova
46049,Mantova
46051,Mantova
46100,Mantova
47010,Forlì-Cesena
47011,Forlì-Cesena
47012,Forlì-Cesena
47013,Forlì-Cesena
47014,Forlì-Cesena
47015,Forlì-Cesena
47016,Forlì-Cesena
47017,Forlì-Cesena
47018,Forlì-Cesena
47019,Forlì-Cesena
47020,Forlì-Cesena
47021,Forlì-Cesena
47025,Forlì-Cesena
47027,Forlì-Cesena
47028,Forlì-Cesena
47030,Forlì-Cesena
47032,Forlì-Cesena
47034,Forlì-Cesena
47035,Forlì-Cesena
47039,Forlì-Cesena
47042,Forlì-Cesena
47043,Forlì-Cesena
47121,Forlì-Cesena
47122,Forlì-Cesena
47521,Forlì-Cesena
47522,Forlì-Cesena
47814,Rimini
47822,Rimini
47824,Rimini
47826,Rimini
47832,Rimini
47833,Rimini
47834,Rimini
47835,Rimini
47836,Rimini
47837,Rimini
47838,Rimini
47841,Rimini
47842,Rimini
47843,Rimini
47853,Rimini
47854,Rimini
47855,Rimini
47861,Rimini
47862,Rimini
47863,Rimini
47864,Rimini
47865,Rimini
47866,Rimini
47867,Rimini
47868,Rimini
47869,Rimini
47921,Rimini
47922,Rimini
47923,Rimini
47924,Rimini
48011,Ravenna
48012,Ravenna
48013,Ravenna
48014,Ravenna
48015,Ravenna
48017,Ravenna
48018,Ravenna
48020,Ravenna
48022,Ravenna
48024,Ravenna
48025,Ravenna
48026,Ravenna
48027,Ravenna
48031,Ravenna
48032,Ravenna
48033,Ravenna
48034,Ravenna
48121,Ravenna
48122,Ravenna
48123,Ravenna
48124,Ravenna
48125,Ravenna
50012,Firenze
50013,Firenze
50014,Firenze
50018,Firenze
50019,Firenze
50022,Firenze
50023,Firenze
50025,Firenze
50026,Firenze
50027,Firenze
50028,Firenze
50031,Firenze
50032,Firenze
50033,Firenze
50034,Firenze
50035,Firenze
50036,Firenze
50037,Firenze
50038,Firenze
50039,Firenze
50041,Firenze
50050,Firenze
50051,Firenze
50052,Firenze
50053,Firenze
50054,Firenze
50055,Firenze
50056,Firenze
50058,Firenze
50059,Firenze
50060,Firenze
50061,Firenze
50062,Firenze
50063,Firenze
50064,Firenze
50065,Firenze
50066,Firenze
50067,Firenze
50068,Firenze
50121,Firenze
50122,Firenze
50123,Firenze
50124,Firenze
50125,Firenze
50126,Firenze
50127,Firenze
50129,Firenze
50131,Firenze
50132,Firenze
50133,Firenze
50134,Firenze
50135,Firenze
50136,Firenze
50137,Firenze
50139,Firenze
50141,Firenze
50142,Firenze
50143,Firenze
50144,Firenze
50145,Firenze
51010,Pistoia
51011,Pistoia
51012,Pistoia
51013,Pistoia
51015,Pistoia
51016,Pistoia
51017,Pistoia
51018,Pistoia
51019,Pistoia
51020,Pistoia
51024,Pistoia
51028,Pistoia
51031,Pistoia
51034,Pistoia
51035,Pistoia
51036,Pistoia
51037,Pistoia
51039,Pistoia
51100,Pistoia
52010,Arezzo
52011,Arezzo
52014,Arezzo
52015,Arezzo
52016,Arezzo
52017,Arezzo
52018,Arezzo
52019,Arezzo
52020,Arezzo
52021,Arezzo
52022,Arezzo
52024,Arezzo
52025,Arezzo
52026,Arezzo
52027,Arezzo
52028,Arezzo
52029,Arezzo
52031,Arezzo
52032,Arezzo
52033,Arezzo
52035,Arezzo
52036,Arezzo
52037,Arezzo
52038,Arezzo
52041,Arezzo
52043,Arezzo
52044,Arezzo
52045,Arezzo
52046,Arezzo
52047,Arezzo
52048,Arezzo
52100,Arezzo
53011,Siena
53012,Siena
53013,Siena
53014,Siena
53015,Siena
53016,Siena
53017,Siena
53018,Siena
53019,Siena
53020,Siena
53021,Siena
53022,Siena
53023,Siena
53024,Siena
53025,Siena
53026,Siena
53027,Siena
53030,Siena
53031,Siena
53034,Siena
53035,Siena
53036,Siena
53037,Siena
53040,Siena
53041,Siena
53042,Siena
53043,Siena
53045,Siena
53047,Siena
53048,Siena
53049,Siena
53100,Siena
54010,Massa-Carrara
54011,Massa-Carrara
54012,Massa-Carrara
54013,Massa-Carrara
54014,Massa-Carrara
54015,Massa-Carrara
54016,Massa-Carrara
54021,Massa-Carrara
54023,Massa-Carrara
54026,Massa-Carrara
54027,Massa-Carrara
54028,Massa-Carrara
54029,Massa-Carrara
54033,Massa-Carrara
54035,Massa-Carrara
54038,Massa-Carrara
54100,Massa-Carrara
55010,Lucca
55011,Lucca
55012,Lucca
55013,Lucca
55014,Lucca
55015,Lucca
55016,Lucca
55018,Lucca
55019,Lucca
55020,Lucca
55021,Lucca
55022,Lucca
55023,Lucca
55025,Lucca
55027,Lucca
55030,Lucca
55031,Lucca
55032,Lucca
55033,Lucca
55034,Lucca
55035,Lucca
55036,Lucca
55038,Lucca
55039,Lucca
55040,Lucca
55041,Lucca
55042,Lucca
55045,Lucca
55047,Lucca
55049,Lucca
55051,Lucca
55054,Lucca
55060,Lucca
55061,Lucca
55062,Lucca
55064,Lucca
55100,Lucca
56010,Pisa
56011,Pisa
56012,Pisa
56017,Pisa
56019,Pisa
56020,Pisa
56021,Pisa
56022,Pisa
56023,Pisa
56024,Pisa
56025,Pisa
56028,Pisa
56029,Pisa
56030,Pisa
56031,Pisa
56032,Pisa
56033,Pisa
56034,Pisa
56035,Pisa
56036,Pisa
56037,Pisa
56038,Pisa
56040,Pisa
56041,Pisa
56042,Pisa
56043,Pisa
56044,Pisa
56045,Pisa
56046,Pisa
56048,Pisa
56121,Pisa
56122,Pisa
56123,Pisa
56124,Pisa
56125,Pisa
56126,Pisa
56127,Pisa
56128,Pisa
57014,Livorno
57016,Livorno
57017,Livorno
57020,Livorno
57021,Livorno
57022,Livorno
57023,Livorno
57025,Livorno
57027,Livorno
57028,Livorno
57030,Livorno
57031,Livorno
57032,Livorno
57033,Livorno
57034,Livorno
57036,Livorno
57037,Livorno
57038,Livorno
57121,Livorno
57122,Livorno
57123,Livorno
57124,Livorno
57125,Livorno
57126,Livorno
57127,Livorno
57128,Livorno
58010,Grosseto
58011,Grosseto
58012,Grosseto
58014,Grosseto
58015,Grosseto
58017,Grosseto
58018,Grosseto
58019,Grosseto
58020,Grosseto
58022,Grosseto
58023,Grosseto
58024,Grosseto
58025,Grosseto
58026,Grosseto
58027,Grosseto
58031,Grosseto
58033,Grosseto
58034,Grosseto
58036,Grosseto
58037,Grosseto
58038,Grosseto
58042,Grosseto
58043,Grosseto
58044,Grosseto
58045,Grosseto
58051,Grosseto
58053,Grosseto
58054,Grosseto
58055,Grosseto
58100,Grosseto
59011,Prato
59013,Prato
59015,Prato
59016,Prato
59021,Prato
59024,Prato
59025,Prato
59026,Prato
59100,Prato
60010,Ancona
60011,Ancona
60012,Ancona
60013,Ancona
60015,Ancona
60018,Ancona
60019,Ancona
60020,Ancona
60021,Ancona
60022,Ancona
60024,Ancona
60025,Ancona
60026,Ancona
60027,Ancona
60030,Ancona
60031,Ancona
60033,Ancona
60034,Ancona
60035,Ancona
60036,Ancona
60037,Ancona
60038,Ancona
60039,Ancona
60040,Ancona
60041,Ancona
60043,Ancona
60044,Ancona
60048,Ancona
60121,Ancona
60122,Ancona
60123,Ancona
60124,Ancona
60125,Ancona
60126,Ancona
60127,Ancona
60128,Ancona
60129,Ancona
60131,Ancona
61010,Pesaro e Urbino
61011,Pesaro e Urbino
61012,Pesaro e Urbino
61013,Pesaro e Urbino
61020,Pesaro e Urbino
61021,Pesaro e Urbino
61022,Pesaro e Urbino
61023,Pesaro e Urbino
61024,Pesaro e Urbino
61025,Pesaro e Urbino
61026,Pesaro e Urbino
61028,Pesaro e Urbino
61029,Pesaro e Urbino
61030,Pesaro e Urbino
61032,Pesaro e Urbino
61033,Pesaro e Urbino
61034,Pesaro e Urbino
61036,Pesaro e Urbino
61037,Pesaro e Urbino
61038,Pesaro e Urbino
61039,Pesaro e Urbino
61040,Pesaro e Urbino
61041,Pesaro e Urbino
61042,Pesaro e Urbino
61043,Pesaro e Urbino
61044,Pesaro e Urbino
61045,Pesaro e Urbino
61046,Pesaro e Urbino
61047,Pesaro e Urbino
61048,Pesaro e Urbino
61049,Pesaro e Urbino
61121,Pesaro e Urbino
61122,Pesaro e Urbino
62010,Macerata
62011,Macerata
62012,Macerata
62014,Macerata
62015,Macerata
62017,Macerata
62018,Macerata
62019,Macerata
62020,Macerata
62021,Macerata
62022,Macerata
62024,Macerata
62025,Macerata
62026,Macerata
62027,Macerata
62028,Macerata
62029,Macerata
62031,Macerata
62032,Macerata
62034,Macerata
62035,Macerata
62036,Macerata
62038,Macerata
62039,Macerata
62100,Macerata
63061,Ascoli Piceno
63062,Ascoli Piceno
63063,Ascoli Piceno
63064,Ascoli Piceno
63065,Ascoli Piceno
63066,Ascoli Piceno
63067,Ascoli Piceno
63068,Ascoli Piceno
63069,Ascoli Piceno
63071,Ascoli Piceno
63072,Ascoli Piceno
63073,Ascoli Piceno
63074,Ascoli Piceno
63075,Ascoli Piceno
63076,Ascoli Piceno
63077,Ascoli Piceno
63078,Ascoli Piceno
63079,Ascoli Piceno
63081,Ascoli Piceno
63082,Ascoli Piceno
63083,Ascoli Piceno
63084,Ascoli Piceno
63085,Ascoli Piceno
63086,Ascoli Piceno
63087,Ascoli Piceno
63088,Ascoli Piceno
63091,Ascoli Piceno
63092,Ascoli Piceno
63093,Ascoli Piceno
63094,Ascoli Piceno
63095,Ascoli Piceno
63096,Ascoli Piceno
63100,Ascoli Piceno
63811,Fermo
63812,Fermo
63813,Fermo
63814,Fermo
63815,Fermo
63816,Fermo
63821,Fermo
63822,Fermo
63823,Fermo
63824,Fermo
63825,Fermo
63826,Fermo
63827,Fermo
63828,Fermo
63831,Fermo
63832,Fermo
63833,Fermo
63834,Fermo
63835,Fermo
63836,Fermo
63837,Fermo
63838,Fermo
63839,Fermo
63841,Fermo
63842,Fermo
63843,Fermo
63844,Fermo
63845,Fermo
63846,Fermo
63847,Fermo
63848,Fermo
63851,Fermo
63852,Fermo
63853,Fermo
63854,Fermo
63855,Fermo
63856,Fermo
63857,Fermo
63858,Fermo
63900,Fermo
64010,Teramo
64011,Teramo
64012,Teramo
64013,Teramo
64014,Teramo
64015,Teramo
64016,Teramo
64018,Teramo
64020,Teramo
64021,Teramo
64023,Teramo
64024,Teramo
64025,Teramo
64026,Teramo
64027,Teramo
64028,Teramo
64030,Teramo
64031,Teramo
64032,Teramo
64033,Teramo
64034,Teramo
64035,Teramo
64036,Teramo
64037,Teramo
64039,Teramo
64040,Teramo
64041,Teramo
64042,Teramo
64043,Teramo
64044,Teramo
64045,Teramo
64046,Teramo
64047,Teramo
64049,Teramo
64100,Teramo
65010,Pescara
65011,Pescara
65012,Pescara
65013,Pescara
65014,Pescara
65015,Pescara
65017,Pescara
65019,Pescara
65020,Pescara
65022,Pescara
65023,Pescara
65024,Pescara
65025,Pescara
65026,Pescara
65027,Pescara
65028,Pescara
65029,Pescara
65121,Pescara
65122,Pescara
65123,Pescara
65124,Pescara
65125,Pescara
65126,Pescara
65127,Pescara
65128,Pescara
65129,Pescara
66010,Chieti
66011,Chieti
66012,Chieti
66014,Chieti
66015,Chieti
66016,Chieti
66017,Chieti
66018,Chieti
66019,Chieti
66020,Chieti
66021,Chieti
66022,Chieti
66023,Chieti
66026,Chieti
66030,Chieti
66031,Chieti
66032,Chieti
66033,Chieti
66034,Chieti
66036,Chieti
66037,Chieti
66038,Chieti
66040,Chieti
66041,Chieti
66042,Chieti
66043,Chieti
66044,Chieti
66045,Chieti
66046,Chieti
66047,Chieti
66050,Chieti
66051,Chieti
66052,Chieti
66054,Chieti
66100,Chieti
67010,L'Aquila
67012,L'Aquila
67013,L'Aquila
67014,L'Aquila
67015,L'Aquila
67017,L'Aquila
67019,L'Aquila
67020,L'Aquila
67021,L'Aquila
67022,L'Aquila
67023,L'Aquila
67024,L'Aquila
67025,L'Aquila
67026,L'Aquila
67027,L'Aquila
67028,L'Aquila
67029,L'Aquila
67030,L'Aquila
67031,L'Aquila
67032,L'Aquila
67033,L'Aquila
67034,L'Aquila
67035,L'Aquila
67036,L'Aquila
67037,L'Aquila
67038,L'Aquila
67039,L'Aquila
67040,L'Aquila
67041,L'Aquila
67043,L'Aquila
67044,L'Aquila
67045,L'Aquila
67046,L'Aquila
67047,L'Aquila
67048,L'Aquila
67049,L'Aquila
67050,L'Aquila
67051,L'Aquila
67052,L'Aquila
67053,L'Aquila
67054,L'Aquila
67055,L'Aquila
67056,L'Aquila
67057,L'Aquila
67058,L'Aquila
67059,L'Aquila
67060,L'Aquila
67061,L'Aquila
67062,L'Aquila
67063,L'Aquila
67064,L'Aquila
67066,L'Aquila
67067,L'Aquila
67068,L'Aquila
67069,L'Aquila
67100,L'Aquila
70010,Bari
70011,Bari
70013,Bari
70014,Bari
70015,Bari
70016,Bari
70017,Bari
70018,Bari
70019,Bari
70020,Bari
70021,Bari
70022,Bari
70023,Bari
70024,Bari
70025,Bari
70026,Bari
70027,Bari
70028,Bari
70029,Bari
70032,Bari
70033,Bari
70037,Bari
70038,Bari
70042,Bari
70043,Bari
70044,Bari
70054,Bari
70056,Bari
70121,Bari
70122,Bari
70123,Bari
70124,Bari
70125,Bari
70126,Bari
70127,Bari
70128,Bari
70129,Bari
70131,Bari
70132,Bari
71010,Foggia
71011,Foggia
71012,Foggia
71013,Foggia
71014,Foggia
71015,Foggia
71016,Foggia
71017,Foggia
71018,Foggia
71019,Foggia
71020,Foggia
71021,Foggia
71022,Foggia
71023,Foggia
71024,Foggia
71025,Foggia
71026,Foggia
71027,Foggia
71028,Foggia
71029,Foggia
71030,Foggia
71031,Foggia
71032,Foggia
71033,Foggia
71034,Foggia
71035,Foggia
71036,Foggia
71037,Foggia
71038,Foggia
71039,Foggia
71040,Foggia
71041,Foggia
71042,Foggia
71043,Foggia
71045,Foggia
71047,Foggia
71048,Foggia
71051,Foggia
71121,Foggia
71122,Foggia
72012,Brindisi
72013,Brindisi
72014,Brindisi
72015,Brindisi
72017,Brindisi
72018,Brindisi
72019,Brindisi
72020,Brindisi
72021,Brindisi
72022,Brindisi
72023,Brindisi
72024,Brindisi
72025,Brindisi
72026,Brindisi
72027,Brindisi
72028,Brindisi
72029,Brindisi
72100,Brindisi
73010,Lecce
73011,Lecce
73012,Lecce
73013,Lecce
73014,Lecce
73015,Lecce
73016,Lecce
73017,Lecce
73018,Lecce
73019,Lecce
73020,Lecce
73021,Lecce
73022,Lecce
73023,Lecce
73024,Lecce
73025,Lecce
73026,Lecce
73027,Lecce
73028,Lecce
73029,Lecce
73030,Lecce
73031,Lecce
73032,Lecce
73033,Lecce
73034,Lecce
73035,Lecce
73036,Lecce
73037,Lecce
73038,Lecce
73039,Lecce
73040,Lecce
73041,Lecce
73042,Lecce
73043,Lecce
73044,Lecce
73045,Lecce
73046,Lecce
73047,Lecce
73048,Lecce
73049,Lecce
73050,Lecce
73051,Lecce
73052,Lecce
73053,Lecce
73054,Lecce
73055,Lecce
73056,Lecce
73057,Lecce
73058,Lecce
73059,Lecce
73100,Lecce
74010,Taranto
74011,Taranto
74012,Taranto
74013,Taranto
74014,Taranto
74015,Taranto
74016,Taranto
74017,Taranto
74018,Taranto
74019,Taranto
74020,Taranto
74021,Taranto
74022,Taranto
74023,Taranto
74024,Taranto
74025,Taranto
74026,Taranto
74027,Taranto
74028,Taranto
74121,Taranto
74122,Taranto
74123,Taranto
75010,Matera
75011,Matera
75012,Matera
75013,Matera
75014,Matera
75015,Matera
75016,Matera
75017,Matera
75018,Matera
75019,Matera
75020,Matera
75021,Matera
75022,Matera
75023,Matera
75024,Matera
75025,Matera
75026,Matera
75027,Matera
75028,Matera
75029,Matera
75100,Matera
76011,Barletta-Andria-Trani
76012,Barletta-Andria-Trani
76013,Barletta-Andria-Trani
76014,Barletta-Andria-Trani
76015,Barletta-Andria-Trani
76016,Barletta-Andria-Trani
76017,Barletta-Andria-Trani
76121,Barletta-Andria-Trani
76123,Barletta-Andria-Trani
76125,Barletta-Andria-Trani
80010,Napoli
80011,Napoli
80012,Napoli
80013,Napoli
80014,Napoli
80016,Napoli
80017,Napoli
80018,Napoli
80019,Napoli
80020,Napoli
80021,Napoli
80022,Napoli
80023,Napoli
80024,Napoli
80025,Napoli
80026,Napoli
80027,Napoli
80028,Napoli
80029,Napoli
80030,Napoli
80031,Napoli
80032,Napoli
80033,Napoli
80034,Napoli
80035,Napoli
80036,Napoli
80038,Napoli
80039,Napoli
80040,Napoli
80041,Napoli
80042,Napoli
80044,Napoli
80045,Napoli
80046,Napoli
80047,Napoli
80048,Napoli
80049,Napoli
80050,Napoli
80051,Napoli
80053,Napoli
80054,Napoli
80055,Napoli
80056,Napoli
80057,Napoli
80058,Napoli
80059,Napoli
80060,Napoli
80061,Napoli
80062,Napoli
80063,Napoli
80065,Napoli
80066,Napoli
80067,Napoli
80069,Napoli
80070,Napoli
80071,Napoli
80072,Napoli
80073,Napoli
80074,Napoli
80075,Napoli
80076,Napoli
80077,Napoli
80078,Napoli
80079,Napoli
80081,Napoli
80121,Napoli
80122,Napoli
80123,Napoli
80124,Napoli
80125,Napoli
80126,Napoli
80127,Napoli
80128,Napoli
80129,Napoli
80131,Napoli
80132,Napoli
80133,Napoli
80134,Napoli
80135,Napoli
80136,Napoli
80137,Napoli
80138,Napoli
80139,Napoli
80141,Napoli
80142,Napoli
80143,Napoli
80144,Napoli
80145,Napoli
80146,Napoli
80147,Napoli
81010,Caserta
81011,Caserta
81012,Caserta
81013,Caserta
81014,Caserta
81016,Caserta
81017,Caserta
81020,Caserta
81021,Caserta
81022,Caserta
81023,Caserta
81024,Caserta
81025,Caserta
81027,Caserta
81028,Caserta
81030,Caserta
81031,Caserta
81032,Caserta
81033,Caserta
81034,Caserta
81035,Caserta
81036,Caserta
81037,Caserta
81038,Caserta
81039,Caserta
81040,Caserta
81041,Caserta
81042,Caserta
81043,Caserta
81044,Caserta
81046,Caserta
81047,Caserta
81049,Caserta
81050,Caserta
81051,Caserta
81052,Caserta
81053,Caserta
81054,Caserta
81055,Caserta
81056,Caserta
81057,Caserta
81058,Caserta
81059,Caserta
81100,Caserta
82010,Benevento
82011,Benevento
82013,Benevento
82014,Benevento
82015,Benevento
82016,Benevento
82017,Benevento
82018,Benevento
82019,Benevento
82020,Benevento
82021,Benevento
82022,Benevento
82023,Benevento
82024,Benevento
82025,Benevento
82026,Benevento
82027,Benevento
82028,Benevento
82029,Benevento
82030,Benevento
82031,Benevento
82032,Benevento
82033,Benevento
82034,Benevento
82036,Benevento
82037,Benevento
82038,Benevento
82100,Benevento
83010,Avellino
83011,Avellino
83012,Avellino
83013,Avellino
83014,Avellino
83015,Avellino
83016,Avellino
83017,Avellino
83018,Avellino
83020,Avellino
83021,Avellino
83022,Avellino
83023,Avellino
83024,Avellino
83025,Avellino
83027,Avellino
83028,Avellino
83029,Avellino
83030,Avellino
83031,Avellino
83032,Avellino
83034,Avellino
83035,Avellino
83036,Avellino
83037,Avellino
83038,Avellino
83039,Avellino
83040,Avellino
83041,Avellino
83042,Avellino
83043,Avellino
83044,Avellino
83045,Avellino
83046,Avellino
83047,Avellino
83048,Avellino
83049,Avellino
83050,Avellino
83051,Avellino
83052,Avellino
83053,Avellino
83054,Avellino
83055,Avellino
83056,Avellino
83057,Avellino
83058,Avellino
83059,Avellino
83100,Avellino
84010,Salerno
84011,Salerno
84012,Salerno
84013,Salerno
84014,Salerno
84015,Salerno
84016,Salerno
84017,Salerno
84018,Salerno
84019,Salerno
84020,Salerno
84021,Salerno
84022,Salerno
84023,Salerno
84024,Salerno
84025,Salerno
84026,Salerno
84027,Salerno
84028,Salerno
84029,Salerno
84030,Salerno
84031,Salerno
84032,Salerno
84033,Salerno
84034,Salerno
84035,Salerno
84036,Salerno
84037,Salerno
84038,Salerno
84039,Salerno
84040,Salerno
84042,Salerno
84043,Salerno
84044,Salerno
84045,Salerno
84046,Salerno
84047,Salerno
84048,Salerno
84049,Salerno
84050,Salerno
84051,Salerno
84052,Salerno
84053,Salerno
84055,Salerno
84056,Salerno
84057,Salerno
84059,Salerno
84060,Salerno
84061,Salerno
84062,Salerno
84065,Salerno
84066,Salerno
84067,Salerno
84068,Salerno
84069,Salerno
84070,Salerno
84073,Salerno
84074,Salerno
84075,Salerno
84076,Salerno
84077,Salerno
84078,Salerno
84079,Salerno
84080,Salerno
84081,Salerno
84082,Salerno
84083,Salerno
84084,Salerno
84085,Salerno
84086,Salerno
84087,Salerno
84088,Salerno
84090,Salerno
84091,Salerno
84092,Salerno
84095,Salerno
84096,Salerno
84098,Salerno
84099,Salerno
84121,Salerno
84122,Salerno
84123,Salerno
84124,Salerno
84125,Salerno
84126,Salerno
84127,Salerno
84128,Salerno
84129,Salerno
84131,Salerno
84132,Salerno
84133,Salerno
84134,Salerno
84135,Salerno
85010,Potenza
85011,Potenza
85012,Potenza
85013,Potenza
85014,Potenza
85015,Potenza
85016,Potenza
85017,Potenza
85018,Potenza
85020,Potenza
85021,Potenza
85022,Potenza
85023,Potenza
85024,Potenza
85025,Potenza
85026,Potenza
85027,Potenza
85028,Potenza
85029,Potenza
85030,Potenza
85031,Potenza
85032,Potenza
85033,Potenza
85034,Potenza
85035,Potenza
85036,Potenza
85037,Potenza
85038,Potenza
85039,Potenza
85040,Potenza
85042,Potenza
85043,Potenza
85044,Potenza
85046,Potenza
85047,Potenza
85048,Potenza
85049,Potenza
85050,Potenza
85051,Potenza
85052,Potenza
85053,Potenza
85054,Potenza
85055,Potenza
85056,Potenza
85057,Potenza
85058,Potenza
85059,Potenza
85100,Potenza
86010,Campobasso
86011,Campobasso
86012,Campobasso
86013,Campobasso
86014,Campobasso
86015,Campobasso
86016,Campobasso
86017,Campobasso
86018,Campobasso
86019,Campobasso
86020,Campobasso
86021,Campobasso
86022,Campobasso
86023,Campobasso
86024,Campobasso
86025,Campobasso
86026,Campobasso
86027,Campobasso
86028,Campobasso
86029,Campobasso
86030,Campobasso
86031,Campobasso
86032,Campobasso
86033,Campobasso
86034,Campobasso
86035,Campobasso
86036,Campobasso
86037,Campobasso
86038,Campobasso
86039,Campobasso
86040,Campobasso
86041,Campobasso
86042,Campobasso
86043,Campobasso
86044,Campobasso
86045,Campobasso
86046,Campobasso
86047,Campobasso
86048,Campobasso
86049,Campobasso
86070,Isernia
86071,Isernia
86072,Isernia
86073,Isernia
86074,Isernia
86075,Isernia
86077,Isernia
86078,Isernia
86079,Isernia
86080,Isernia
86081,Isernia
86082,Isernia
86083,Isernia
86084,Isernia
86085,Isernia
86086,Isernia
86087,Isernia
86088,Isernia
86089,Isernia
86090,Isernia
86091,Isernia
86092,Isernia
86093,Isernia
86094,Isernia
86095,Isernia
86096,Isernia
86097,Isernia
86100,Campobasso
86170,Isernia
87010,Cosenza
87011,Cosenza
87012,Cosenza
87013,Cosenza
87014,Cosenza
87015,Cosenza
87016,Cosenza
87017,Cosenza
87018,Cosenza
87019,Cosenza
87020,Cosenza
87021,Cosenza
87022,Cosenza
87023,Cosenza
87024,Cosenza
87026,Cosenza
87027,Cosenza
87028,Cosenza
87029,Cosenza
87030,Cosenza
87031,Cosenza
87032,Cosenza
87033,Cosenza
87034,Cosenza
87035,Cosenza
87036,Cosenza
87037,Cosenza
87038,Cosenza
87040,Cosenza
87041,Cosenza
87042,Cosenza
87043,Cosenza
87044,Cosenza
87045,Cosenza
87046,Cosenza
87047,Cosenza
87048,Cosenza
87050,Cosenza
87051,Cosenza
87052,Cosenza
87053,Cosenza
87054,Cosenza
87055,Cosenza
87056,Cosenza
87057,Cosenza
87058,Cosenza
87059,Cosenza
87060,Cosenza
87061,Cosenza
87062,Cosenza
87064,Cosenza
87066,Cosenza
87069,Cosenza
87070,Cosenza
87071,Cosenza
87072,Cosenza
87073,Cosenza
87074,Cosenza
87075,Cosenza
87076,Cosenza
87100,Cosenza
88020,Catanzaro
88021,Catanzaro
88022,Catanzaro
88024,Catanzaro
88025,Catanzaro
88040,Catanzaro
88041,Catanzaro
88042,Catanzaro
88044,Catanzaro
88045,Catanzaro
88046,Catanzaro
88047,Catanzaro
88049,Catanzaro
88050,Catanzaro
88051,Catanzaro
88054,Catanzaro
88055,Catanzaro
88056,Catanzaro
88060,Catanzaro
88062,Catanzaro
88064,Catanzaro
88065,Catanzaro
88067,Catanzaro
88068,Catanzaro
88069,Catanzaro
88070,Catanzaro
88100,Catanzaro
88811,Crotone
88812,Crotone
88813,Crotone
88814,Crotone
88815,Crotone
88816,Crotone
88817,Crotone
88818,Crotone
88819,Crotone
88821,Crotone
88822,Crotone
88823,Crotone
88824,Crotone
88825,Crotone
88831,Crotone
88832,Crotone
88833,Crotone
88834,Crotone
88835,Crotone
88836,Crotone
88837,Crotone
88838,Crotone
88841,Crotone
88842,Crotone
88900,Crotone
89010,Reggio Calabria
89011,Reggio Calabria
89012,Reggio Calabria
89013,Reggio Calabria
89014,Reggio Calabria
89015,Reggio Calabria
89016,Reggio Calabria
89017,Reggio Calabria
89018,Reggio Calabria
89020,Reggio Calabria
89021,Reggio Calabria
89022,Reggio Calabria
89023,Reggio Calabria
89024,Reggio Calabria
89025,Reggio Calabria
89026,Reggio Calabria
89027,Reggio Calabria
89028,Reggio Calabria
89029,Reggio Calabria
89030,Reggio Calabria
89031,Reggio Calabria
89032,Reggio Calabria
89033,Reggio Calabria
89034,Reggio Calabria
89035,Reggio Calabria
89036,Reggio Calabria
89037,Reggio Calabria
89038,Reggio Calabria
89039,Reggio Calabria
89040,Reggio Calabria
89041,Reggio Calabria
89042,Reggio Calabria
89043,Reggio Calabria
89044,Reggio Calabria
89045,Reggio Calabria
89046,Reggio Calabria
89047,Reggio Calabria
89048,Reggio Calabria
89049,Reggio Calabria
89050,Reggio Calabria
89052,Reggio Calabria
89054,Reggio Calabria
89056,Reggio Calabria
89057,Reggio Calabria
89058,Reggio Calabria
89060,Reggio Calabria
89062,Reggio Calabria
89063,Reggio Calabria
89064,Reggio Calabria
89065,Reggio Calabria
89069,Reggio Calabria
89121,Reggio Calabria
89122,Reggio Calabria
89123,Reggio Calabria
89124,Reggio Calabria
89125,Reggio Calabria
89126,Reggio Calabria
89127,Reggio Calabria
89128,Reggio Calabria
89129,Reggio Calabria
89131,Reggio Calabria
89132,Reggio Calabria
89133,Reggio Calabria
89134,Reggio Calabria
89135,Reggio Calabria
89812,Vibo Valentia
89813,Vibo Valentia
89814,Vibo Valentia
89815,Vibo Valentia
89816,Vibo Valentia
89817,Vibo Valentia
89818,Vibo Valentia
89819,Vibo Valentia
89821,Vibo Valentia
89822,Vibo Valentia
89823,Vibo Valentia
89824,Vibo Valentia
89831,Vibo Valentia
89832,Vibo Valentia
89833,Vibo Valentia
89834,Vibo Valentia
89841,Vibo Valentia
89842,Vibo Valentia
89843,Vibo Valentia
89844,Vibo Valentia
89851,Vibo Valentia
89852,Vibo Valentia
89853,Vibo Valentia
89861,Vibo Valentia
89862,Vibo Valentia
89863,Vibo Valentia
89864,Vibo Valentia
89866,Vibo Valentia
89867,Vibo Valentia
89868,Vibo Valentia
89900,Vibo Valentia
90010,Palermo
90011,Palermo
90012,Palermo
90013,Palermo
90014,Palermo
90015,Palermo
90016,Palermo
90017,Palermo
90018,Palermo
90019,Palermo
90020,Palermo
90021,Palermo
90022,Palermo
90023,Palermo
90024,Palermo
90025,Palermo
90026,Palermo
90027,Palermo
90028,Palermo
90029,Palermo
90030,Palermo
90031,Palermo
90032,Palermo
90033,Palermo
90034,Palermo
90035,Palermo
90036,Palermo
90037,Palermo
90038,Palermo
90039,Palermo
90040,Palermo
90041,Palermo
90042,Palermo
90043,Palermo
90044,Palermo
90045,Palermo
90046,Palermo
90047,Palermo
90048,Palermo
90049,Palermo
90051,Palermo
90121,Palermo
90123,Palermo
90124,Palermo
90125,Palermo
90126,Palermo
90127,Palermo
90128,Palermo
90129,Palermo
90131,Palermo
90133,Palermo
90134,Palermo
90135,Palermo
90136,Palermo
90138,Palermo
90139,Palermo
90141,Palermo
90142,Palermo
90143,Palermo
90144,Palermo
90145,Palermo
90146,Palermo
90147,Palermo
90149,Palermo
90151,Palermo
91010,Trapani
91011,Trapani
91012,Trapani
91013,Trapani
91014,Trapani
91015,Trapani
91016,Trapani
91017,Trapani
91018,Trapani
91019,Trapani
91020,Trapani
91021,Trapani
91022,Trapani
91023,Trapani
91024,Trapani
91025,Trapani
91026,Trapani
91027,Trapani
91028,Trapani
91029,Trapani
91031,Trapani
91100,Trapani
92010,Agrigento
92011,Agrigento
92012,Agrigento
92013,Agrigento
92014,Agrigento
92015,Agrigento
92016,Agrigento
92017,Agrigento
92018,Agrigento
92019,Agrigento
92020,Agrigento
92021,Agrigento
92022,Agrigento
92023,Agrigento
92024,Agrigento
92025,Agrigento
92026,Agrigento
92027,Agrigento
92028,Agrigento
92029,Agrigento
92031,Agrigento
92100,Agrigento
93010,Caltanissetta
93011,Caltanissetta
93012,Caltanissetta
93013,Caltanissetta
93014,Caltanissetta
93015,Caltanissetta
93016,Caltanissetta
93017,Caltanissetta
93018,Caltanissetta
93019,Caltanissetta
93100,Caltanissetta
94010,Enna
94011,Enna
94012,Enna
94013,Enna
94014,Enna
94015,Enna
94016,Enna
94017,Enna
94018,Enna
94019,Enna
94100,Enna
95010,Catania
95011,Catania
95012,Catania
95013,Catania
95014,Catania
95015,Catania
95016,Catania
95017,Catania
95018,Catania
95019,Catania
95020,Catania
95021,Catania
95022,Catania
95024,Catania
95025,Catania
95027,Catania
95028,Catania
95029,Catania
95030,Catania
95031,Catania
95032,Catania
95033,Catania
95034,Catania
95035,Catania
95036,Catania
95037,Catania
95038,Catania
95039,Catania
95040,Catania
95041,Catania
95042,Catania
95043,Catania
95044,Catania
95045,Catania
95046,Catania
95047,Catania
95048,Catania
95049,Catania
95121,Catania
95122,Catania
95123,Catania
95124,Catania
95125,Catania
95126,Catania
95127,Catania
95128,Catania
95129,Catania
95131,Catania
96010,Siracusa
96011,Siracusa
96012,Siracusa
96013,Siracusa
96014,Siracusa
96015,Siracusa
96016,Siracusa
96017,Siracusa
96018,Siracusa
96019,Siracusa
96100,Siracusa
97010,Ragusa
97011,Ragusa
97012,Ragusa
97013,Ragusa
97014,Ragusa
97015,Ragusa
97016,Ragusa
97017,Ragusa
97018,Ragusa
97019,Ragusa
97100,Ragusa
98020,Messina
98021,Messina
98022,Messina
98023,Messina
98025,Messina
98026,Messina
98027,Messina
98028,Messina
98029,Messina
98030,Messina
98031,Messina
98032,Messina
98033,Messina
98034,Messina
98035,Messina
98036,Messina
98037,Messina
98038,Messina
98039,Messina
98040,Messina
98041,Messina
98042,Messina
98043,Messina
98044,Messina
98045,Messina
98046,Messina
98047,Messina
98048,Messina
98049,Messina
98050,Messina
98051,Messina
98053,Messina
98054,Messina
98055,Messina
98056,Messina
98057,Messina
98058,Messina
98059,Messina
98060,Messina
98061,Messina
98062,Messina
98063,Messina
98064,Messina
98065,Messina
98066,Messina
98067,Messina
98068,Messina
98069,Messina
98070,Messina
98071,Messina
98072,Messina
98073,Messina
98074,Messina
98075,Messina
98076,Messina
98077,Messina
98078,Messina
98079,Messina
98121,Messina
98122,Messina
98123,Messina
98124,Messina
98125,Messina
98126,Messina
98127,Messina
98128,Messina
98129,Messina
98131,Messina
98132,Messina
98133,Messina
98134,Messina
98135,Messina
98136,Messina
98137,Messina
98138,Messina
98139,Messina
98141,Messina
98142,Messina
98143,Messina
98144,Messina
98145,Messina
98146,Messina
98147,Messina
98148,Messina
98149,Messina
98151,Messina
98152,Messina
98153,Messina
98154,Messina
98155,Messina
98156,Messina
98157,Messina
98158,Messina
98161,Messina
98162,Messina
98163,Messina
98164,Messina
98165,Messina
98166,Messina
98167,Messina
98168,Messina
